{
  "name": "custom.remote.python.sqlbizevents",
  "version": "11.0.0",
  "type": "python",
  "entity": "CUSTOM_DEVICE",
  "metricGroup": "tech.Custom_Technology",
  "processTypeNames": ["PYTHON"],
  "technologies": ["Custom Technology"],
  "favicon": "https://www.tutorialspoint.com/sqlite/images/sqlite.jpg",
  "source": {
    "package": "sqlasbizevents",
    "className": "BusinessObservabilityDatabaseExtension",
    "install_requires": ["pymysql","requests>=2.6.0"],
    "activation": "Remote"
  },
  "metrics": [
        { "entity": "CUSTOM_DEVICE", "timeseries": { "key": "databases.businessobservabilitydbextension", "unit": "Count", "displayname": "Business Observability Database Extension","dimensions":["dimensions"]} }
  ],
  "configUI": {
        "displayName": "Business Observability MySQL Extension",
        "properties": [
          { "key" : "sqlip", "displayName": "SQL IP/Hostname", "displayOrder": 1, "displayHint": "mysqlserver" },
          { "key" : "sqlusername", "displayName": "SQL Username", "displayOrder": 2, "displayHint": "SQL to access the database", "defaultValue": "somepassword"},
          { "key" : "sqlpassword", "displayName": "SQL Password", "displayOrder": 3, "displayHint": "Password to access the database" },
          { "key" : "sqldb", "displayName": "SQL DB", "displayOrder": 4, "displayHint": "mydatabase", "defaultValue": "test_db"},
	  { "key" : "endpointtopushbizevents", "displayName": "Endpoint to Push Bizevents", "displayOrder": 5, "displayHint": "https://abc.live.dynatrace.com/api/v2/bizevents/ingest/", "defaultValue": "test_db"},
          { "key" : "clientid", "displayName": "Client ID to generate token", "displayOrder": 6, "displayHint": "token", "defaultValue": "dt0s02.xxxx"},
          { "key" : "clientsecret", "displayName": "Client secret to generate token", "displayOrder": 7, "displayHint": "clientsecret", "defaultValue": "dt0s02.xxxx.yyyyy"},
          { "key" : "query1", "displayName": "Query 01", "displayOrder": 9, "displayHint": "query to execute", "defaultValue": "select * from mytable"},
          { "key" : "query2", "displayName": "Query 02", "displayOrder": 12, "displayHint": "query to execute", "defaultValue": "select col1, col2 from mytable"},
          { "key" : "query3", "displayName": "Query 03", "displayOrder": 15, "displayHint": "query to execute", "defaultValue": "select col1, col2, col3 from my table groupby (col1)"},
          { "key" : "interval1", "displayName": "Interval 01", "displayOrder": 10, "displayHint": "interval in minutes after which query01 should be executed", "defaultValue": "1"},
          { "key" : "interval2", "displayName": "Interval 02", "displayOrder": 13, "displayHint": "interval in minutes after which query02 should be executed", "defaultValue": "30"},
          { "key" : "interval3", "displayName": "Interval 03", "displayOrder": 14, "displayHint": "interval in minutes after which query03 should be executed", "defaultValue": "60"},
          { "key" : "queryname1", "displayName": "Queryname 01", "displayOrder": 8, "displayHint": "unique query name", "defaultValue": "query1"},
          { "key" : "queryname2", "displayName": "Queryname 02", "displayOrder": 11, "displayHint": "unique query name", "defaultValue": "query2"},
          { "key" : "queryname3", "displayName": "Queryname 03", "displayOrder": 15, "displayHint": "unique query name", "defaultValue": "query3"}
      ]
  },
  "properties": [
   {
     "key": "sqlip",
     "type": "String"
   },
   {
     "key": "sqlusername",
     "type": "String"
   },
   {
     "key": "sqlpassword",
     "type": "Password"
   },
   {
     "key": "sqldb",
     "type": "String"
   },
   {
     "key": "endpointtopushbizevents",
     "type": "String"
   },
   {
     "key": "clientid",
     "type": "Password"
   },
   {
     "key": "clientsecret",
     "type": "Password"
   },
   {
     "key":"query1",
     "type":"String"   
   },
   {
     "key":"query2",
     "type":"String"   
   },
   {
     "key":"query3",
     "type":"String"   
   },
   {
     "key":"interval1",
     "type":"String"
   },
   {
     "key":"interval2",
     "type":"String"
   },
   {
     "key":"interval3",
     "type":"String"
   },
   {
     "key":"queryname1",
     "type":"String"
   },
   {
     "key":"queryname2",
     "type":"String"
   },
   {
     "key":"queryname3",
     "type":"String"
   }
  ],
     "ui": {
       "keymetrics" : [
      {
        "key": "databases.businessobservabilitydbextension",
        "displayname": "Business Observability Dataseb Extension"
      }
    ]
        }
    }
